Pk,Tm,Player,College,Yrs,G,MP,PTS_Total,TRB_Total,AST_Total,FG%,3P%,FT%,MPG,PPG,RPG,APG,WS,WS/48,BPM,VORP,Draft_Year,Durability_Factor,Versatility_Score,Draft_Pick_Value,Draft_Pick_x_BPM,Scoring_Efficiency,Points_Per_Min,Rebounds_Per_Min,Assists_Per_Min,WS_Per_Game,Lottery_Pick,Long_Career
1,NOP,Zion Williamson,Duke,5,214,6714,5279,1415,920,0.589,0.327,0.689,31.4,24.7,6.6,4.3,24.2,0.173,4.9,11.8,2019,0.5219512195121951,10.899999999999999,1.0,4.9,0.49420000000000003,0.7862675007447125,0.2107536490914507,0.13702710753649092,0.1130841121495327,1,1
2,MEM,Ja Morant,Murray State,6,307,9801,6942,1448,2267,0.469,0.316,0.766,31.9,22.6,4.7,7.4,24.1,0.118,2.7,11.8,2019,0.6239837398373984,12.100000000000001,0.5,1.35,0.4375,0.7082950719314356,0.14774002652790533,0.23130292827262525,0.07850162866449512,1,1
3,NYK,RJ Barrett,Duke,6,387,12814,7293,2150,1276,0.441,0.346,0.697,33.1,18.8,5.6,3.3,13.3,0.05,-1.7,0.9,2019,0.7865853658536586,8.899999999999999,0.3333333333333333,-0.5666666666666667,0.4286,0.5691431247073513,0.16778523489932887,0.0995785859216482,0.034366925064599485,1,1
4,LAL,De'Andre Hunter,Virginia,6,327,9820,4839,1336,497,0.452,0.373,0.819,30.0,14.8,4.1,1.5,12.1,0.059,-2.6,-1.5,2019,0.6646341463414634,5.6,0.25,-0.65,0.45709999999999995,0.4927698574338086,0.1360488798370672,0.05061099796334012,0.037003058103975535,1,1
5,CLE,Darius Garland,Vanderbilt,6,382,12693,7204,1015,2558,0.453,0.388,0.867,33.2,18.9,2.7,6.7,24.6,0.093,0.3,7.3,2019,0.7764227642276422,9.4,0.2,0.06,0.46840000000000004,0.5675569211376349,0.07996533522413929,0.20152840148113133,0.06439790575916231,1,1
6,PHO,Jarrett Culver,Texas Tech,4,144,2480,934,402,173,0.401,0.276,0.509,17.2,6.5,2.8,1.2,-0.1,-0.001,-4.5,-1.6,2019,0.43902439024390244,4.0,0.16666666666666666,-0.75,0.3618,0.37661290322580643,0.1620967741935484,0.06975806451612904,-0.0006944444444444445,1,0
7,CHI,Coby White,UNC,6,422,12566,6405,1539,1618,0.433,0.369,0.865,29.8,15.2,3.6,3.8,17.9,0.069,-1.5,1.5,2019,0.8577235772357723,7.4,0.14285714285714285,-0.21428571428571427,0.4506,0.5097087378640777,0.12247334076078306,0.12876014642686615,0.0424170616113744,1,1
8,ATL,Jaxson Hayes,Texas,6,367,6022,2494,1443,259,0.649,0.261,0.696,16.4,6.8,3.9,0.7,20.1,0.16,-0.4,2.5,2019,0.7459349593495935,4.6,0.125,-0.05,0.4985,0.4141481235469944,0.2396213882431086,0.043008967120557955,0.05476839237057221,1,1
9,WAS,Rui Hachimura,Gonzaga,6,337,9345,4318,1638,439,0.496,0.381,0.764,27.7,12.8,4.9,1.3,15.6,0.08,-1.9,0.2,2019,0.6849593495934959,6.2,0.1111111111111111,-0.21111111111111108,0.4768,0.46206527554842164,0.1752808988764045,0.04697699304440878,0.04629080118694362,1,1
10,ATL,Cam Reddish,Duke,6,254,5876,2151,678,297,0.398,0.322,0.821,23.1,8.5,2.7,1.2,3.3,0.027,-3.1,-1.7,2019,0.516260162601626,3.9000000000000004,0.1,-0.31000000000000005,0.4099,0.36606535057862494,0.11538461538461539,0.050544588155207626,0.012992125984251968,1,1
11,MIN,Cameron Johnson,UNC,6,340,9020,4395,1342,664,0.453,0.392,0.851,26.5,12.9,3.9,2.0,22.9,0.122,1.6,8.2,2019,0.6910569105691057,5.9,0.09090909090909091,0.14545454545454548,0.46840000000000004,0.48725055432372505,0.14878048780487804,0.07361419068736141,0.06735294117647059,1,1
12,CHO,P.J. Washington,Kentucky,6,390,11917,5121,2282,878,0.448,0.358,0.709,30.6,13.1,5.9,2.3,14.8,0.06,-1.2,2.4,2019,0.7926829268292683,8.2,0.08333333333333333,-0.09999999999999999,0.4381,0.4297222455315935,0.19149114710078038,0.0736762608038936,0.03794871794871795,1,1
13,MIA,Tyler Herro,Kentucky,6,361,11763,6987,1802,1460,0.448,0.382,0.874,32.6,19.4,5.0,4.0,19.9,0.081,0.7,8.0,2019,0.733739837398374,9.0,0.07692307692307693,0.05384615384615385,0.46420000000000006,0.5939811272634532,0.15319221287086626,0.1241179971095809,0.05512465373961219,1,1
14,BOS,Romeo Langford,Indiana,4,141,2268,650,298,97,0.43,0.288,0.659,16.1,4.6,2.1,0.7,2.0,0.043,-3.4,-0.8,2019,0.4298780487804878,2.8,0.07142857142857142,-0.24285714285714283,0.3961,0.2865961199294533,0.13139329805996472,0.0427689594356261,0.014184397163120567,1,0
16,ORL,Chuma Okeke,Auburn,5,198,4028,1242,751,291,0.387,0.321,0.787,20.3,6.3,3.8,1.5,5.0,0.06,-1.1,1.0,2019,0.48292682926829267,5.3,0.0625,-0.06875,0.4006,0.3083416087388282,0.18644488579940416,0.07224428997020854,0.025252525252525252,0,1
17,BRK,Nickeil Alexander-Walker,Virginia Tech,6,381,7942,3258,948,882,0.414,0.36,0.743,20.8,8.6,2.5,2.3,10.2,0.062,-1.2,1.6,2019,0.774390243902439,4.8,0.058823529411764705,-0.07058823529411765,0.4253,0.41022412490556537,0.11936539914379249,0.11105514983631327,0.026771653543307086,0,1
20,BOS,Matisse Thybulle,Washington,6,347,7269,1698,710,388,0.438,0.343,0.661,20.9,4.9,2.0,1.1,14.1,0.093,0.9,5.3,2019,0.7052845528455285,3.1,0.05,0.045000000000000005,0.4223,0.23359471729261247,0.09767505846746458,0.05337735589489614,0.04063400576368876,0,1
21,OKC,Brandon Clarke,Gonzaga,6,307,6392,3136,1683,409,0.606,0.266,0.698,20.8,10.2,5.5,1.3,24.6,0.185,2.4,7.1,2019,0.6239837398373984,6.8,0.047619047619047616,0.11428571428571427,0.47919999999999996,0.490613266583229,0.2632978723404255,0.06398623279098874,0.08013029315960912,0,1
22,BOS,Grant Williams,Tennessee,6,380,8710,2724,1393,552,0.452,0.377,0.774,22.9,7.2,3.7,1.5,15.5,0.085,-1.9,0.3,2019,0.7723577235772358,5.2,0.045454545454545456,-0.08636363636363636,0.45420000000000005,0.312743972445465,0.15993111366245694,0.06337543053960965,0.04078947368421053,0,1
24,PHI,Ty Jerome,Virginia,6,229,4140,1986,467,648,0.458,0.381,0.85,18.1,8.7,2.0,2.8,9.9,0.114,0.4,2.5,2019,0.4654471544715447,4.8,0.041666666666666664,0.016666666666666666,0.46640000000000004,0.4797101449275362,0.11280193236714976,0.1565217391304348,0.04323144104803493,0,1
25,POR,Nassir Little,UNC,5,237,3735,1313,688,170,0.452,0.33,0.735,15.8,5.5,2.9,0.7,4.7,0.061,-2.6,-0.5,2019,0.5780487804878048,3.5999999999999996,0.04,-0.10400000000000001,0.4315,0.35153949129852746,0.18420348058902275,0.04551539491298527,0.019831223628691982,0,1
26,CLE,Dylan Windler,Belmont,4,101,1090,319,212,78,0.425,0.347,0.8,10.8,3.2,2.1,0.8,1.6,0.072,-1.4,0.2,2019,0.3079268292682927,2.9000000000000004,0.038461538461538464,-0.05384615384615385,0.4313,0.2926605504587156,0.1944954128440367,0.07155963302752294,0.015841584158415842,0,0
27,BRK,Mfiondu Kabengele,Florida State,3,55,380,143,81,19,0.383,0.301,0.852,6.9,2.6,1.5,0.3,0.4,0.055,-3.6,-0.2,2019,0.22357723577235772,1.8,0.037037037037037035,-0.13333333333333333,0.3971,0.3763157894736842,0.2131578947368421,0.05,0.007272727272727273,0,0
28,GSW,Jordan Poole,Michigan,6,412,11350,6942,1110,1552,0.422,0.345,0.879,27.5,16.8,2.7,3.8,11.3,0.048,-1.7,0.8,2019,0.8373983739837398,6.5,0.03571428571428571,-0.06071428571428571,0.43689999999999996,0.6116299559471365,0.09779735682819383,0.13674008810572688,0.027427184466019418,0,1
29,SAS,Keldon Johnson,Kentucky,6,370,10600,5761,1992,797,0.467,0.352,0.762,28.6,15.6,5.4,2.2,16.7,0.076,-1.3,1.8,2019,0.7520325203252033,7.6000000000000005,0.034482758620689655,-0.04482758620689655,0.4505,0.5434905660377358,0.1879245283018868,0.07518867924528302,0.04513513513513513,0,1
30,MIL,Kevin Porter Jr.,USC,5,271,7410,3779,1120,1243,0.435,0.351,0.734,27.3,13.9,4.1,4.6,6.2,0.04,-1.4,1.2,2019,0.6609756097560976,8.7,0.03333333333333333,-0.04666666666666666,0.4313,0.5099865047233468,0.15114709851551958,0.16774628879892037,0.022878228782287825,0,1
1,MIN,Anthony Edwards,Georgia,5,381,13263,9097,2017,1600,0.446,0.364,0.804,34.8,23.9,5.3,4.2,24.8,0.09,1.7,12.3,2020,0.9292682926829269,9.5,1.0,1.7,0.44900000000000007,0.685893086028802,0.1520772072683405,0.12063635678202518,0.06509186351706037,1,1
2,GSW,James Wiseman,Memphis,4,148,2799,1350,830,110,0.56,0.262,0.683,18.9,9.1,5.6,0.7,4.3,0.074,-3.9,-1.4,2020,0.45121951219512196,6.3,0.5,-1.95,0.45310000000000006,0.48231511254019294,0.2965344765987853,0.039299749910682386,0.029054054054054052,1,0
4,CHI,Patrick Williams,Florida State,5,276,7478,2636,1126,404,0.452,0.392,0.769,27.1,9.6,4.1,1.5,8.4,0.054,-2.3,-0.5,2020,0.6731707317073171,5.6,0.25,-0.575,0.45970000000000005,0.3525006686279754,0.15057502005883927,0.05402514041187483,0.030434782608695653,1,1
5,CLE,Isaac Okoro,Auburn,5,334,8746,2708,930,536,0.467,0.351,0.731,26.2,8.1,2.8,1.6,16.0,0.088,-2.0,0.0,2020,0.8146341463414634,4.4,0.2,-0.4,0.447,0.3096272581751658,0.10633432426252001,0.061285158929796475,0.04790419161676647,1,1
6,ATL,Onyeka Okongwu,USC,5,307,6911,2960,2058,394,0.614,0.322,0.755,22.5,9.6,6.7,1.3,24.9,0.173,0.5,4.4,2020,0.748780487804878,8.0,0.16666666666666666,0.08333333333333333,0.5113,0.42830270583128344,0.2977861380408045,0.0570105628707857,0.08110749185667752,1,1
8,NYK,Obi Toppin,Dayton,5,362,6238,3074,1231,428,0.523,0.355,0.771,17.2,8.5,3.4,1.2,16.6,0.128,1.1,4.8,2020,0.8829268292682927,4.6,0.125,0.1375,0.48059999999999997,0.49278614940686116,0.19733889067008656,0.06861173453029817,0.04585635359116023,1,1
10,PHO,Jalen Smith,Maryland,5,271,4368,2290,1432,222,0.505,0.332,0.754,16.1,8.5,5.3,0.8,12.0,0.132,-0.2,2.0,2020,0.6609756097560976,6.1,0.1,-0.020000000000000004,0.4607,0.5242673992673993,0.32783882783882784,0.050824175824175824,0.04428044280442804,1,1
11,SAS,Devin Vassell,Florida State,5,303,8402,4280,1144,788,0.444,0.369,0.806,27.7,14.1,3.8,2.6,11.9,0.068,-0.5,3.1,2020,0.7390243902439024,6.4,0.09090909090909091,-0.045454545454545456,0.45020000000000004,0.5094025232087598,0.13615805760533206,0.0937871935253511,0.03927392739273927,1,1
12,SAC,Tyrese Haliburton,Iowa State,5,333,10998,5842,1218,2947,0.477,0.392,0.855,33.0,17.5,3.7,8.8,37.6,0.164,4.8,18.9,2020,0.8121951219512196,12.5,0.08333333333333333,0.39999999999999997,0.4808,0.5311874886342971,0.11074740861974905,0.267957810511002,0.11291291291291292,1,1
13,NOP,Kira Lewis Jr.,Alabama,4,131,1745,687,169,233,0.397,0.294,0.848,13.3,5.2,1.3,1.8,1.3,0.036,-3.5,-0.6,2020,0.39939024390243905,3.1,0.07692307692307693,-0.2692307692307693,0.4009,0.39369627507163324,0.09684813753581661,0.1335243553008596,0.009923664122137405,1,0
14,BOS,Aaron Nesmith,Vanderbilt,5,288,6177,2570,946,305,0.463,0.385,0.828,21.4,8.9,3.3,1.1,10.5,0.082,-1.9,0.2,2020,0.7024390243902439,4.4,0.07142857142857142,-0.1357142857142857,0.46830000000000005,0.4160595758458799,0.15314877772381416,0.049376720090658896,0.036458333333333336,1,1
15,ORL,Cole Anthony,UNC,5,320,7935,4015,1372,1223,0.419,0.345,0.847,24.8,12.5,4.3,3.8,11.0,0.066,-0.6,2.9,2020,0.7804878048780488,8.1,0.06666666666666667,-0.04,0.4322,0.5059861373660995,0.17290485192186517,0.15412728418399496,0.034375,0,1
16,POR,Isaiah Stewart,Washington,5,307,7542,2631,2177,407,0.507,0.345,0.733,24.6,8.6,7.1,1.3,15.4,0.098,-1.7,0.5,2020,0.748780487804878,8.4,0.0625,-0.10625,0.4648,0.34884645982498014,0.288650225404402,0.0539644656589764,0.0501628664495114,0,1
18,DAL,Josh Green,Arizona,5,291,6415,1941,777,448,0.482,0.38,0.687,22.0,6.7,2.7,1.5,9.2,0.069,-2.9,-1.5,2020,0.7097560975609756,4.2,0.05555555555555555,-0.1611111111111111,0.4617,0.3025720966484801,0.1211223694466095,0.06983632112236944,0.03161512027491409,0,1
19,BRK,Saddiq Bey,Villanova,4,292,8804,4103,1532,538,0.408,0.352,0.842,30.2,14.1,5.2,1.8,14.6,0.079,-0.7,2.9,2020,0.8902439024390244,7.0,0.05263157894736842,-0.03684210526315789,0.429,0.4660381644706951,0.17401181281235803,0.061108587005906406,0.049999999999999996,0,0
20,MIA,Precious Achiuwa,Memphis,5,320,6396,2420,1813,313,0.484,0.304,0.606,20.0,7.6,5.7,1.0,11.8,0.089,-2.3,-0.4,2020,0.7804878048780488,6.7,0.05,-0.11499999999999999,0.42419999999999997,0.3783614759224515,0.283458411507192,0.04893683552220138,0.036875000000000005,0,1
21,PHI,Tyrese Maxey,Kentucky,5,318,10187,6202,952,1403,0.461,0.381,0.866,32.0,19.5,3.0,4.4,26.5,0.125,1.3,8.6,2020,0.775609756097561,7.4,0.047619047619047616,0.06190476190476191,0.46950000000000003,0.6088151565721017,0.09345243938352803,0.1377245508982036,0.08333333333333333,0,1
22,DEN,Zeke Nnaji,Arizona,5,251,3007,1053,566,100,0.509,0.362,0.653,12.0,4.2,2.3,0.4,6.7,0.107,-2.6,-0.4,2020,0.6121951219512195,2.6999999999999997,0.045454545454545456,-0.1181818181818182,0.4646,0.3501829065513801,0.18822746923844363,0.03325573661456601,0.026693227091633468,0,1
25,OKC,Immanuel Quickley,Kentucky,5,324,8292,4542,1097,1203,0.421,0.375,0.858,25.6,14.0,3.4,3.7,21.3,0.124,1.2,6.7,2020,0.7902439024390244,7.1,0.04,0.048,0.44630000000000003,0.5477568740955138,0.1322961890979257,0.1450795947901592,0.06574074074074074,0,1
26,BOS,Payton Pritchard,Oregon,5,347,7008,3153,952,883,0.454,0.399,0.856,20.2,9.1,2.7,2.5,20.9,0.143,1.2,5.8,2020,0.8463414634146341,5.2,0.038461538461538464,0.046153846153846156,0.47220000000000006,0.4499143835616438,0.1358447488584475,0.1259988584474886,0.06023054755043227,0,1
28,LAL,Jaden McDaniels,Washington,5,366,10449,3784,1526,562,0.482,0.348,0.752,28.5,10.3,4.2,1.5,17.9,0.082,-1.8,0.5,2020,0.8926829268292683,5.7,0.03571428571428571,-0.06428571428571428,0.45539999999999997,0.36213991769547327,0.14604268351038377,0.053785051201071875,0.048907103825136605,0,1
29,TOR,Malachi Flynn,San Diego State,5,217,3076,1184,376,414,0.387,0.333,0.747,14.2,5.5,1.7,1.9,2.9,0.045,-2.6,-0.5,2020,0.5292682926829269,3.5999999999999996,0.034482758620689655,-0.0896551724137931,0.4014,0.38491547464239273,0.1222366710013004,0.13459037711313393,0.013364055299539171,0,1
30,BOS,Desmond Bane,TCU,5,313,9274,5580,1438,1179,0.472,0.41,0.883,29.6,17.8,4.6,3.8,25.5,0.132,2.4,10.4,2020,0.7634146341463415,8.399999999999999,0.03333333333333333,0.08,0.4883,0.6016821220616778,0.15505714901876214,0.127129609661419,0.08146964856230032,0,1
1,DET,Cade Cunningham,Oklahoma State,4,208,7014,4588,1121,1530,0.446,0.339,0.853,33.7,22.1,5.4,7.4,7.0,0.048,1.0,5.2,2021,0.6341463414634146,12.8,1.0,1.0,0.4439,0.6541203307670374,0.1598232107214143,0.21813515825491872,0.03365384615384615,1,0
3,CLE,Evan Mobley,USC,4,269,8745,4412,2408,784,0.548,0.315,0.694,32.5,16.4,9.0,2.9,28.3,0.155,2.3,9.5,2021,0.8201219512195121,11.9,0.3333333333333333,0.7666666666666666,0.46940000000000004,0.5045168667810177,0.2753573470554603,0.08965122927387079,0.10520446096654275,1,0
4,TOR,Scottie Barnes,Florida State,4,276,9523,4756,2065,1368,0.466,0.3,0.761,34.5,17.2,7.5,5.0,19.4,0.098,1.7,8.9,2021,0.8414634146341463,12.5,0.25,0.425,0.4291,0.4994224509083272,0.2168434316916938,0.14365221043788723,0.07028985507246377,1,0
5,ORL,Jalen Suggs,Gonzaga,4,211,5580,2598,702,698,0.419,0.329,0.779,26.4,12.3,3.3,3.3,5.6,0.048,-1.1,1.3,2021,0.6432926829268293,6.6,0.2,-0.22000000000000003,0.41900000000000004,0.46559139784946235,0.12580645161290321,0.12508960573476702,0.026540284360189573,1,0
8,ORL,Franz Wagner,Michigan,4,291,9398,5552,1408,1067,0.474,0.322,0.856,32.3,19.1,4.8,3.7,21.4,0.109,0.8,6.6,2021,0.8871951219512195,8.5,0.125,0.1,0.4514,0.5907639923387955,0.1498191104490317,0.11353479463715684,0.07353951890034363,1,0
9,SAC,Davion Mitchell,Baylor,4,301,6651,2278,533,995,0.442,0.344,0.698,22.1,7.6,1.8,3.3,6.0,0.043,-3.1,-1.9,2021,0.9176829268292683,5.1,0.1111111111111111,-0.34444444444444444,0.4284,0.3425048864832356,0.08013832506390016,0.1496015636746354,0.019933554817275746,1,0
10,NOP,Ziaire Williams,Stanford,4,213,4486,1763,675,259,0.421,0.316,0.811,21.1,8.3,3.2,1.2,4.7,0.05,-3.4,-1.6,2021,0.649390243902439,4.4,0.1,-0.34,0.418,0.3930004458314757,0.15046812304948728,0.0577351761034329,0.022065727699530517,1,0
11,CHO,James Bouknight,UConn,3,79,900,383,133,73,0.363,0.335,0.762,11.4,4.8,1.7,0.9,-0.3,-0.017,-5.9,-0.9,2021,0.32113821138211385,2.6,0.09090909090909091,-0.5363636363636364,0.3917,0.4255555555555556,0.14777777777777779,0.0811111111111111,-0.0037974683544303796,1,0
12,SAS,Joshua Primo,Alabama,3,56,1068,318,127,99,0.371,0.3,0.75,19.1,5.7,2.3,1.8,-0.3,-0.011,-5.3,-0.9,2021,0.22764227642276422,4.1,0.08333333333333333,-0.44166666666666665,0.3805,0.29775280898876405,0.11891385767790262,0.09269662921348315,-0.005357142857142857,1,0
13,IND,Chris Duarte,Oregon,4,177,3231,1348,467,231,0.406,0.349,0.813,18.3,7.6,2.6,1.3,1.9,0.028,-3.0,-0.8,2021,0.5396341463414634,3.9000000000000004,0.07692307692307693,-0.23076923076923078,0.4239,0.41720829464562054,0.14453729495512224,0.07149489322191271,0.010734463276836158,1,0
14,GSW,Moses Moody,Arkansas,4,255,4229,1787,570,227,0.449,0.367,0.775,16.6,7.0,2.2,0.9,8.5,0.097,-1.2,0.8,2021,0.7774390243902439,3.1,0.07142857142857142,-0.0857142857142857,0.44880000000000003,0.4225585244738709,0.13478363679356822,0.053676992196736814,0.03333333333333333,1,0
15,WAS,Corey Kispert,Gonzaga,4,292,7563,3229,822,431,0.474,0.382,0.805,25.9,11.1,2.8,1.5,9.3,0.059,-2.3,-0.6,2021,0.8902439024390244,4.3,0.06666666666666667,-0.15333333333333332,0.47030000000000005,0.42694697871215126,0.10868702895676319,0.05698796773767024,0.03184931506849315,0,0
17,MEM,Trey Murphy III,Virginia,4,251,6856,3448,976,462,0.454,0.383,0.875,27.3,13.7,3.9,1.8,18.4,0.129,1.3,5.7,2021,0.7652439024390244,5.7,0.058823529411764705,0.07647058823529412,0.4677,0.5029171528588098,0.1423570595099183,0.06738623103850641,0.07330677290836653,0,0
18,OKC,Tre Mann,Florida,4,181,3856,1707,513,415,0.411,0.35,0.788,21.3,9.4,2.8,2.3,1.9,0.024,-3.3,-1.2,2021,0.551829268292683,5.1,0.05555555555555555,-0.18333333333333332,0.4243,0.4426867219917012,0.13303941908713693,0.10762448132780084,0.010497237569060774,0,0
19,NYK,Kai Jones,Texas,3,107,1081,377,259,44,0.671,0.231,0.682,10.1,3.5,2.4,0.4,2.8,0.126,-1.2,0.2,2021,0.4349593495934959,2.8,0.05263157894736842,-0.0631578947368421,0.4961000000000001,0.34875115633672527,0.23959296947271044,0.04070305272895467,0.02616822429906542,0,0
20,ATL,Jalen Johnson,Duke,4,184,4335,2023,1155,470,0.504,0.323,0.712,23.6,11.0,6.3,2.6,8.4,0.093,1.0,3.3,2021,0.5609756097560976,8.9,0.05,0.05,0.45239999999999997,0.4666666666666667,0.2664359861591695,0.10841983852364476,0.04565217391304348,0,0
21,NYK,Keon Johnson,Tennessee,4,161,3098,1326,429,313,0.379,0.324,0.765,19.2,8.2,2.7,1.9,-0.3,-0.005,-4.2,-1.7,2021,0.49085365853658536,4.6,0.047619047619047616,-0.2,0.39560000000000006,0.4280180761781795,0.1384764364105875,0.10103292446739832,-0.0018633540372670807,0,0
22,LAL,Isaiah Jackson,Kentucky,4,163,2438,1170,697,116,0.595,0.206,0.671,15.0,7.2,4.3,0.7,7.7,0.151,-0.1,1.1,2021,0.4969512195121951,5.0,0.045454545454545456,-0.004545454545454546,0.447,0.47990155865463496,0.285890073831009,0.0475799835931091,0.04723926380368098,0,0
24,HOU,Josh Christopher,Arizona State,3,152,2189,987,266,231,0.451,0.273,0.737,14.4,6.5,1.8,1.5,0.2,0.003,-3.9,-1.1,2021,0.6178861788617886,3.3,0.041666666666666664,-0.16249999999999998,0.4084,0.45089081772498857,0.12151667428049337,0.10552763819095477,0.0013157894736842105,0,0
25,LAC,Quentin Grimes,Houston,4,243,5945,2525,747,488,0.444,0.375,0.763,24.5,10.4,3.1,2.0,10.8,0.087,-0.3,2.5,2021,0.7408536585365854,5.1,0.04,-0.012,0.44830000000000003,0.4247266610597141,0.12565180824222036,0.08208578637510514,0.044444444444444446,0,0
26,DEN,Bones Hyland,VCU,4,186,3174,1762,403,488,0.398,0.364,0.848,17.1,9.5,2.2,2.6,4.3,0.065,-0.9,0.9,2021,0.5670731707317073,4.800000000000001,0.038461538461538464,-0.03461538461538462,0.4294,0.5551354757403907,0.12696912413358538,0.15374921235034655,0.023118279569892472,0,0
27,BRK,Cam Thomas,LSU,4,215,4980,3255,553,442,0.439,0.345,0.86,23.2,15.1,2.6,2.1,5.5,0.053,-1.8,0.3,2021,0.6554878048780488,4.7,0.037037037037037035,-0.06666666666666667,0.4435,0.6536144578313253,0.11104417670682731,0.08875502008032128,0.02558139534883721,0,0
28,PHI,Jaden Springer,Tennessee,4,110,967,316,152,85,0.409,0.238,0.773,8.8,2.9,1.4,0.8,1.4,0.068,-2.7,-0.2,2021,0.3353658536585366,2.2,0.03571428571428571,-0.09642857142857143,0.377,0.3267838676318511,0.15718717683557393,0.08790072388831438,0.012727272727272726,0,0
29,PHO,Day'Ron Sharpe,UNC,4,191,2771,1237,1079,230,0.55,0.295,0.648,14.5,6.5,5.6,1.2,8.4,0.146,-0.6,1.0,2021,0.5823170731707317,6.8,0.034482758620689655,-0.020689655172413793,0.45780000000000004,0.44640923854204256,0.38939011187297007,0.08300252616383977,0.04397905759162304,0,0
30,UTA,Santi Aldama,Loyola (MD),4,235,5320,2293,1226,444,0.459,0.345,0.692,22.6,9.8,5.2,1.9,12.2,0.11,0.7,3.6,2021,0.7164634146341463,7.1,0.03333333333333333,0.02333333333333333,0.4367,0.43101503759398496,0.23045112781954888,0.08345864661654136,0.05191489361702127,0,0
1,ORL,Paolo Banchero,Duke,3,198,6811,4432,1396,919,0.445,0.32,0.73,34.4,22.4,7.1,4.6,11.1,0.079,0.8,4.9,2022,0.8048780487804879,11.7,1.0,0.8,0.42350000000000004,0.6507120833945089,0.20496256056379386,0.1349287916605491,0.05606060606060606,1,0
2,OKC,Chet Holmgren,Gonzaga,2,114,3290,1836,905,263,0.519,0.372,0.78,28.9,16.1,7.9,2.3,12.1,0.176,3.1,4.3,2022,0.6951219512195121,10.2,0.5,1.55,0.4863,0.5580547112462007,0.2750759878419453,0.07993920972644376,0.10614035087719298,1,0
3,HOU,Jabari Smith Jr.,Auburn,3,212,6591,2752,1584,282,0.432,0.34,0.805,31.1,13.0,7.5,1.3,11.7,0.085,-1.7,0.5,2022,0.8617886178861789,8.8,0.3333333333333333,-0.5666666666666667,0.4325,0.4175390684266424,0.24032771961766045,0.04278561675011379,0.055188679245283014,1,0
4,SAC,Keegan Murray,Iowa,3,233,7580,3090,1298,336,0.451,0.372,0.812,32.5,13.3,5.6,1.4,13.9,0.088,-1.1,1.8,2022,0.9471544715447154,7.0,0.25,-0.275,0.4555,0.4076517150395778,0.1712401055408971,0.04432717678100264,0.059656652360515025,1,0
5,DET,Jaden Ivey,Purdue,3,181,5419,2917,676,802,0.429,0.352,0.746,29.9,16.1,3.7,4.4,1.6,0.014,-2.7,-0.9,2022,0.7357723577235772,8.100000000000001,0.2,-0.54,0.4299,0.5382911976379405,0.12474626314818232,0.14799778556929322,0.008839779005524863,1,0
6,IND,Bennedict Mathurin,Arizona,3,209,5909,3314,935,371,0.446,0.342,0.828,28.3,15.9,4.5,1.8,6.2,0.051,-3.3,-2.0,2022,0.8495934959349594,6.3,0.16666666666666666,-0.5499999999999999,0.4426,0.5608393975291928,0.1582332035877475,0.06278558131663564,0.02966507177033493,1,0
7,POR,Shaedon Sharpe,Kentucky,3,184,5090,2634,720,386,0.449,0.33,0.779,27.7,14.3,3.9,2.1,4.7,0.044,-2.3,-0.4,2022,0.7479674796747967,6.0,0.14285714285714285,-0.3285714285714285,0.43440000000000006,0.5174852652259332,0.14145383104125736,0.07583497053045186,0.025543478260869567,1,0
9,SAS,Jeremy Sochan,Baylor,3,184,5015,2092,1123,519,0.468,0.29,0.725,27.3,11.4,6.1,2.8,4.2,0.041,-3.0,-1.2,2022,0.7479674796747967,8.899999999999999,0.1111111111111111,-0.3333333333333333,0.4225,0.41714855433698905,0.2239282153539382,0.10348953140578265,0.02282608695652174,1,0
10,WAS,Johnny Davis,Wisconsin,3,112,1278,395,175,71,0.397,0.273,0.561,11.4,3.5,1.6,0.6,-0.4,-0.013,-6.2,-1.3,2022,0.45528455284552843,2.2,0.1,-0.6200000000000001,0.3638,0.30907668231611896,0.13693270735524257,0.05555555555555555,-0.0035714285714285718,1,0
12,OKC,Jalen Williams,Santa Clara,3,215,6736,3901,988,924,0.513,0.382,0.803,31.3,18.1,4.6,4.3,20.7,0.148,2.2,7.2,2022,0.8739837398373984,8.899999999999999,0.08333333333333333,0.18333333333333335,0.48960000000000004,0.5791270783847982,0.14667458432304037,0.13717339667458434,0.09627906976744185,1,0
13,CHO,Jalen Duren,Memphis,3,206,5481,2371,2111,431,0.653,0.0,0.691,26.6,11.5,10.2,2.1,18.6,0.162,0.9,4.0,2022,0.8373983739837398,12.299999999999999,0.07692307692307693,0.06923076923076923,0.3956,0.43258529465426016,0.3851486954935231,0.07863528553183725,0.09029126213592234,1,0
14,CLE,Ochai Agbaji,Kansas,3,201,4589,1589,579,248,0.45,0.353,0.734,22.8,7.9,2.9,1.2,4.5,0.048,-2.7,-0.8,2022,0.8170731707317073,4.1,0.07142857142857142,-0.19285714285714287,0.4396,0.3462628023534539,0.12617127914578338,0.05404227500544781,0.022388059701492536,1,0
15,CHO,Mark Williams,Duke,3,106,2507,1300,935,149,0.622,0.0,0.753,23.7,12.3,8.8,1.4,9.7,0.185,1.8,2.4,2022,0.43089430894308944,10.200000000000001,0.06666666666666667,0.12,0.3863,0.5185480654168328,0.37295572397287596,0.059433585959313924,0.09150943396226414,0,0
16,ATL,AJ Griffin,Duke,2,92,1572,687,171,78,0.447,0.372,0.898,17.1,7.5,1.9,0.8,1.8,0.053,-1.7,0.1,2022,0.5609756097560976,2.7,0.0625,-0.10625,0.4621,0.43702290076335876,0.10877862595419847,0.04961832061068702,0.01956521739130435,0,0
17,HOU,Tari Eason,LSU,3,161,3667,1661,1011,198,0.466,0.345,0.741,22.8,10.3,6.3,1.2,8.8,0.116,0.8,2.6,2022,0.6544715447154471,7.5,0.058823529411764705,0.047058823529411764,0.4451,0.45295882192527953,0.2757022088901009,0.053995091355331336,0.054658385093167706,0,0
18,CHI,Dalen Terry,Arizona,3,170,1882,591,274,200,0.445,0.298,0.662,11.1,3.5,1.6,1.2,2.4,0.061,-2.8,-0.4,2022,0.6910569105691057,2.8,0.05555555555555555,-0.15555555555555553,0.40790000000000004,0.3140276301806589,0.14558979808714134,0.10626992561105207,0.014117647058823528,0,0
19,MIN,Jake LaRavia,Wake Forest,3,136,2569,942,450,237,0.429,0.371,0.751,18.9,6.9,3.3,1.7,4.4,0.083,-1.2,0.5,2022,0.5528455284552846,5.0,0.05263157894736842,-0.0631578947368421,0.438,0.36667964188400154,0.17516543402101986,0.09225379525107046,0.03235294117647059,0,0
20,SAS,Malaki Branham,Ohio State,3,188,3571,1598,380,321,0.439,0.336,0.843,19.0,8.5,2.0,1.7,-0.3,-0.004,-5.1,-2.9,2022,0.7642276422764228,3.7,0.05,-0.255,0.4382,0.44749369924390925,0.10641276953234388,0.08989078689442734,-0.0015957446808510637,0,0
21,DEN,Christian Braun,Kansas,3,237,5511,2178,897,396,0.528,0.384,0.752,23.3,9.2,3.8,1.7,13.4,0.117,-0.9,1.5,2022,0.9634146341463414,5.5,0.047619047619047616,-0.04285714285714286,0.4928,0.39520958083832336,0.16276537833424062,0.0718562874251497,0.056540084388185655,0,0
22,MEM,Walker Kessler,Auburn,3,196,4936,1838,1808,226,0.68,0.196,0.537,25.2,9.4,9.2,1.2,16.6,0.161,1.9,4.9,2022,0.7967479674796748,10.399999999999999,0.045454545454545456,0.08636363636363636,0.4721000000000001,0.37236628849270664,0.36628849270664504,0.04578606158833063,0.08469387755102041,0,0
23,PHI,David Roddy,Colorado State,3,168,2845,1044,488,174,0.421,0.302,0.679,16.9,6.2,2.9,1.0,1.7,0.029,-4.0,-1.4,2022,0.6829268292682927,3.9,0.043478260869565216,-0.17391304347826086,0.3992,0.3669595782073814,0.17152899824253076,0.06115992970123023,0.01011904761904762,0,0
25,SAS,Blake Wesley,Notre Dame,3,156,2228,669,236,378,0.409,0.297,0.634,14.3,4.3,1.5,2.4,-0.5,-0.011,-5.7,-2.1,2022,0.6341463414634146,3.9,0.04,-0.228,0.3867,0.3002692998204668,0.1059245960502693,0.1696588868940754,-0.003205128205128205,0,0
26,DAL,Wendell Moore Jr.,Duke,3,90,727,210,125,66,0.46,0.25,0.815,8.1,2.3,1.4,0.7,0.8,0.055,-2.6,-0.1,2022,0.36585365853658536,2.0999999999999996,0.038461538461538464,-0.1,0.41150000000000003,0.28885832187070154,0.171939477303989,0.0907840440165062,0.008888888888888889,0,0
28,GSW,Patrick Baldwin Jr.,UW-Milwaukee,3,93,826,343,188,43,0.405,0.373,0.658,8.9,3.7,2.0,0.5,0.6,0.032,-3.1,-0.2,2022,0.3780487804878049,2.5,0.03571428571428571,-0.11071428571428571,0.41750000000000004,0.4152542372881356,0.22760290556900725,0.05205811138014528,0.0064516129032258064,0,0
29,MEM,TyTy Washington Jr.,Kentucky,3,58,607,194,63,68,0.347,0.234,0.542,10.5,3.3,1.1,1.2,-0.4,-0.031,-6.8,-0.7,2022,0.23577235772357724,2.3,0.034482758620689655,-0.23448275862068965,0.32130000000000003,0.31960461285008235,0.10378912685337727,0.11202635914332784,-0.006896551724137932,0,0
30,OKC,Peyton Watson,UCLA,3,171,3330,1158,528,191,0.472,0.328,0.673,19.5,6.8,3.1,1.1,5.3,0.076,-2.0,0.0,2022,0.6951219512195121,4.2,0.03333333333333333,-0.06666666666666667,0.4345,0.34774774774774775,0.15855855855855855,0.05735735735735736,0.030994152046783626,0,0
2,CHO,Brandon Miller,Alabama,2,101,3307,1847,446,273,0.428,0.366,0.837,32.7,18.3,4.4,2.7,1.2,0.017,-1.9,0.1,2023,0.6158536585365854,7.1000000000000005,0.5,-0.95,0.4441,0.5585122467493197,0.13486543695192016,0.08255216208043543,0.011881188118811881,1,0
6,ORL,Anthony Black,Arkansas,2,147,3051,1052,369,331,0.435,0.343,0.718,20.8,7.2,2.5,2.3,4.0,0.064,-2.3,-0.2,2023,0.8963414634146342,4.8,0.16666666666666666,-0.3833333333333333,0.4265,0.3448049819731236,0.12094395280235988,0.10848901999344478,0.027210884353741496,1,0
8,WAS,Jarace Walker,Houston,2,108,1527,581,292,150,0.457,0.404,0.692,14.1,5.4,2.7,1.4,2.0,0.063,-0.7,0.5,2023,0.6585365853658537,4.1,0.125,-0.0875,0.4593,0.3804846103470858,0.19122462344466273,0.09823182711198428,0.018518518518518517,1,0
9,UTA,Taylor Hendricks,Central Florida,2,43,931,306,200,34,0.434,0.368,0.788,21.7,7.1,4.7,0.8,1.2,0.064,-1.8,0.1,2023,0.2621951219512195,5.5,0.1111111111111111,-0.19999999999999998,0.44299999999999995,0.32867883995703545,0.21482277121374865,0.036519871106337275,0.027906976744186046,1,0
10,DAL,Cason Wallace,Kentucky,2,150,3568,1129,416,293,0.482,0.389,0.797,23.8,7.5,2.8,2.0,9.2,0.124,0.6,2.3,2023,0.9146341463414634,4.8,0.1,0.06,0.4763,0.3164237668161435,0.11659192825112108,0.08211883408071749,0.06133333333333333,1,0
11,ORL,Jett Howard,Michigan,2,78,768,296,77,50,0.37,0.294,0.667,9.8,3.8,1.0,0.6,0.2,0.01,-5.0,-0.6,2023,0.47560975609756095,1.6,0.09090909090909091,-0.4545454545454546,0.36929999999999996,0.3854166666666667,0.10026041666666667,0.06510416666666667,0.002564102564102564,1,0
12,OKC,Dereck Lively II,Duke,2,91,2127,797,648,145,0.729,0.0,0.565,23.4,8.8,7.1,1.6,8.4,0.189,1.6,1.9,2023,0.5548780487804879,8.7,0.08333333333333333,0.13333333333333333,0.421,0.37470615890926184,0.304654442877292,0.06817113305124589,0.09230769230769231,1,0
13,TOR,Gradey Dick,Kansas,2,114,2855,1287,325,166,0.416,0.356,0.859,25.0,11.3,2.9,1.5,1.6,0.028,-4.2,-1.6,2023,0.6951219512195121,4.4,0.07692307692307693,-0.3230769230769231,0.4363,0.4507880910683012,0.1138353765323993,0.05814360770577934,0.014035087719298246,1,0
14,NOP,Jordan Hawkins,UConn,2,123,2481,1128,306,136,0.376,0.348,0.826,20.2,9.2,2.5,1.1,0.7,0.014,-4.3,-1.5,2023,0.75,3.6,0.07142857142857142,-0.3071428571428571,0.4098,0.4546553808948005,0.12333736396614269,0.054816606207174524,0.005691056910569105,1,0
15,ATL,Kobe Bufkin,Michigan,2,27,320,134,54,44,0.374,0.22,0.654,11.9,5.0,2.0,1.6,-0.1,-0.012,-4.3,-0.2,2023,0.16463414634146342,3.6,0.06666666666666667,-0.2866666666666666,0.34040000000000004,0.41875,0.16875,0.1375,-0.003703703703703704,0,0
16,UTA,Keyonte George,Baylor,2,142,4132,2099,464,709,0.391,0.339,0.831,29.1,14.8,3.3,5.0,0.7,0.009,-3.5,-1.6,2023,0.8658536585365854,8.3,0.0625,-0.21875,0.41420000000000007,0.5079864472410455,0.1122942884801549,0.17158760890609875,0.004929577464788732,0,0
17,LAL,Jalen Hood-Schifino,Indiana,2,36,424,140,40,45,0.329,0.262,0.732,11.8,3.9,1.1,1.3,-0.6,-0.068,-9.3,-0.8,2023,0.21951219512195122,2.4000000000000004,0.058823529411764705,-0.5470588235294118,0.34249999999999997,0.330188679245283,0.09433962264150944,0.10613207547169812,-0.016666666666666666,0,0
18,MIA,Jaime Jaquez Jr.,UCLA,2,141,3481,1459,575,361,0.478,0.318,0.785,24.7,10.3,4.1,2.6,6.3,0.087,-1.5,0.4,2023,0.8597560975609756,6.699999999999999,0.05555555555555555,-0.08333333333333333,0.4447,0.419132433208848,0.16518241884515944,0.10370583165756966,0.04468085106382979,0,0
19,GSW,Brandin Podziemski,Santa Clara,2,138,3684,1429,752,493,0.449,0.378,0.701,26.7,10.4,5.4,3.6,8.3,0.108,0.3,2.1,2023,0.8414634146341463,9.0,0.05263157894736842,0.015789473684210523,0.44580000000000003,0.38789359391965256,0.20412595005428882,0.13382193268186754,0.060144927536231886,0,0
20,HOU,Cam Whitmore,Villanova,2,98,1707,1056,331,82,0.449,0.357,0.707,17.4,10.8,3.4,0.8,3.3,0.093,0.2,0.9,2023,0.5975609756097561,4.2,0.05,0.010000000000000002,0.438,0.6186291739894552,0.19390743995313414,0.04803749267721148,0.0336734693877551,0,0
21,BRK,Noah Clowney,Alabama,2,69,1412,553,262,58,0.394,0.337,0.8,20.5,8.0,3.8,0.8,1.3,0.046,-3.2,-0.4,2023,0.42073170731707316,4.6,0.047619047619047616,-0.1523809523809524,0.4118,0.391643059490085,0.18555240793201133,0.04107648725212465,0.01884057971014493,0,0
22,BRK,Dariq Whitehead,Duke,2,22,270,117,33,15,0.396,0.429,0.571,12.3,5.3,1.5,0.7,0.0,0.007,-4.1,-0.1,2023,0.13414634146341464,2.2,0.045454545454545456,-0.18636363636363634,0.4267,0.43333333333333335,0.12222222222222222,0.05555555555555555,0.0,0,0
23,POR,Kris Murray,Iowa,2,131,2388,663,406,148,0.406,0.251,0.558,18.2,5.1,3.1,1.1,1.4,0.027,-3.4,-0.8,2023,0.7987804878048781,4.2,0.043478260869565216,-0.14782608695652172,0.3592,0.2776381909547739,0.17001675041876047,0.06197654941373534,0.010687022900763359,0,0
24,SAC,Olivier-Maxence Prosper,Marquette,2,92,920,322,205,62,0.396,0.26,0.658,10.0,3.5,2.2,0.7,1.4,0.074,-2.4,-0.1,2023,0.5609756097560976,2.9000000000000004,0.041666666666666664,-0.09999999999999999,0.36780000000000007,0.35,0.22282608695652173,0.06739130434782609,0.015217391304347825,0,0
25,MEM,Marcus Sasser,Houston,2,128,2162,961,194,369,0.441,0.378,0.863,16.9,7.5,1.5,2.9,2.8,0.062,-1.9,0.1,2023,0.7804878048780488,4.4,0.04,-0.076,0.458,0.44449583718778907,0.08973172987974098,0.17067530064754857,0.021875,0,0
26,IND,Ben Sheppard,Belmont,2,120,2042,584,266,138,0.407,0.33,0.887,17.0,4.9,2.2,1.2,2.9,0.067,-2.6,-0.3,2023,0.7317073170731707,3.4000000000000004,0.038461538461538464,-0.1,0.4242,0.2859941234084231,0.13026444662095985,0.06758080313418217,0.024166666666666666,0,0
27,CHO,Nick Smith Jr.,Arkansas,2,111,2098,893,200,204,0.391,0.369,0.918,18.9,8.0,1.8,1.8,-1.1,-0.025,-5.8,-2.0,2023,0.676829268292683,3.6,0.037037037037037035,-0.2148148148148148,0.4349,0.42564346997140134,0.09532888465204957,0.09723546234509056,-0.009909909909909911,0,0
28,UTA,Brice Sensabaugh,Ohio State,2,103,2016,1013,312,165,0.441,0.392,0.895,19.6,9.8,3.0,1.6,0.9,0.023,-2.4,-0.2,2023,0.6280487804878049,4.6,0.03571428571428571,-0.0857142857142857,0.46680000000000005,0.5024801587301587,0.15476190476190477,0.0818452380952381,0.008737864077669903,0,0
29,IND,Julian Strawther,Gonzaga,2,115,1929,815,203,130,0.412,0.332,0.793,16.8,7.1,1.8,1.1,1.4,0.035,-5.0,-1.4,2023,0.7012195121951219,2.9000000000000004,0.034482758620689655,-0.1724137931034483,0.4181,0.4224987039917055,0.10523587350959046,0.06739243131156039,0.01217391304347826,0,0
30,LAC,Kobe Brown,Missouri,2,84,666,166,127,49,0.432,0.27,0.667,7.9,2.0,1.5,0.6,0.9,0.067,-3.1,-0.2,2023,0.5121951219512195,2.1,0.03333333333333333,-0.10333333333333333,0.39070000000000005,0.24924924924924924,0.1906906906906907,0.07357357357357357,0.010714285714285714,0,0
